{
  "Slab Type 1 (all days scan with GT)/P10_S1_2_3.jpg": [
    3.2100653648376465,
    5.441799640655518,
    9.924463272094727,
    10.669087409973145,
    5.2043256759643555,
    1.9663861989974976,
    0.1442391276359558
  ],
  "Slab Type 1 (all days scan with GT)/P13_S1_2_10_forward.jpg": [
    3.0220389366149902,
    4.62903356552124,
    12.790156364440918,
    9.381736755371094,
    3.280024766921997,
    0.5576107501983643,
    -0.2110239863395691
  ],
  "Slab Type 1 (all days scan with GT)/P14_S1_2_11_forward.jpg": [
    3.0607004165649414,
    4.192106246948242,
    9.819498062133789,
    11.292786598205566,
    5.543378829956055,
    0.3433269262313843,
    -0.14001834392547607
  ],
  "Slab Type 1 (all days scan with GT)/P15_S1_2_12_forward.jpg": [
    3.036457061767578,
    4.3121137619018555,
    13.080728530883789,
    8.437776565551758,
    3.5527400970458984,
    0.319186806678772,
    -0.2590878903865814
  ],
  "Slab Type 1 (all days scan with GT)/P16_S1_2_13_forward.jpg": [
    3.3140509128570557,
    5.45200252532959,
    10.301610946655273,
    10.035931587219238,
    5.389342784881592,
    0.6535295248031616,
    -0.055449020117521286
  ],
  "Slab Type 1 (all days scan with GT)/P17_S1_2_14_forward.jpg": [
    3.3244664669036865,
    4.218514442443848,
    14.953230857849121,
    10.61141586303711,
    3.9136595726013184,
    0.5283323526382446,
    -0.29795411229133606
  ],
  "Slab Type 1 (all days scan with GT)/P18_S1_2_15_forward.jpg": [
    3.2086005210876465,
    4.018832206726074,
    14.174665451049805,
    8.846104621887207,
    3.931276321411133,
    -0.6488357782363892,
    -0.4265437424182892
  ],
  "Slab Type 1 (all days scan with GT)/P19_S1_2_16_forward.jpg": [
    3.044271469116211,
    3.976901054382324,
    16.648090362548828,
    6.684698581695557,
    1.757143259048462,
    -1.0882196426391602,
    -0.6169156432151794
  ],
  "Slab Type 1 (all days scan with GT)/P20_S1_2_17_forward.jpg": [
    3.015758752822876,
    4.340439319610596,
    14.537635803222656,
    8.798669815063477,
    2.3622868061065674,
    -1.0258502960205078,
    -0.5172910094261169
  ],
  "Slab Type 1 (all days scan with GT)/P21_S1_2_18_forward.jpg": [
    3.3821401596069336,
    5.126190185546875,
    15.852688789367676,
    8.153241157531738,
    3.1590116024017334,
    -0.1268300712108612,
    -0.40831315517425537
  ],
  "Slab Type 1 (all days scan with GT)/P22_S1_2_19_forward.jpg": [
    2.9156839847564697,
    4.700159072875977,
    14.148913383483887,
    8.110573768615723,
    1.8314181566238403,
    -0.10373152792453766,
    -0.34665438532829285
  ],
  "Slab Type 2 (all days scan with GT)/P11_S2_3_3.jpg": [
    2.9687957763671875,
    4.482868671417236,
    3.3701651096343994,
    6.019143104553223,
    13.713064193725586,
    4.613364219665527,
    0.08481740951538086
  ],
  "Slab Type 2 (all days scan with GT)/P13_S2_3_10_forward.jpg": [
    3.1047909259796143,
    4.492335796356201,
    6.264946460723877,
    10.034226417541504,
    9.398815155029297,
    3.1748509407043457,
    0.16093914210796356
  ],
  "Slab Type 2 (all days scan with GT)/P15_S2_3_12_forward.jpg": [
    3.002657651901245,
    4.203149795532227,
    10.606298446655273,
    10.310832977294922,
    4.738858699798584,
    0.34016361832618713,
    -0.1734156459569931
  ],
  "Slab Type 2 (all days scan with GT)/P16_S2_3_13_forward.jpg": [
    3.3429079055786133,
    4.227264881134033,
    8.090373039245605,
    15.550118446350098,
    8.473169326782227,
    1.220394492149353,
    -0.06008705124258995
  ],
  "Slab Type 2 (all days scan with GT)/P17_S2_3_14_forward.jpg": [
    3.2688493728637695,
    4.120260238647461,
    6.365828514099121,
    10.721142768859863,
    10.904833793640137,
    2.0968005657196045,
    -0.08315999805927277
  ],
  "Slab Type 2 (all days scan with GT)/P18_S2_3_15_forward.jpg": [
    3.1947457790374756,
    6.035737991333008,
    9.2783842086792,
    8.579659461975098,
    5.1935529708862305,
    1.43447744846344,
    0.1279301792383194
  ],
  "Slab Type 2 (all days scan with GT)/P19_S2_3_16_forward.jpg": [
    3.5626018047332764,
    6.940406322479248,
    7.1600565910339355,
    10.632925987243652,
    7.950032711029053,
    1.4257229566574097,
    0.1931796669960022
  ],
  "Slab Type 2 (all days scan with GT)/P20_S2_3_17_forward.jpg": [
    3.2960703372955322,
    4.592038154602051,
    9.475534439086914,
    10.17122745513916,
    7.542211532592773,
    1.20712411403656,
    -0.07617396116256714
  ],
  "Slab Type 2 (all days scan with GT)/P21_S2_3_18_forward.jpg": [
    3.074085235595703,
    5.011813163757324,
    7.550143241882324,
    6.962579727172852,
    8.044014930725098,
    1.770795464515686,
    -0.021653246134519577
  ],
  "Slab Type 2 (all days scan with GT)/P22_S2_3_19_forward.jpg": [
    3.0984888076782227,
    4.017223358154297,
    9.28799819946289,
    12.572148323059082,
    6.380309104919434,
    0.8872246742248535,
    -0.08995842933654785
  ],
  "Slab Type 3 (all days scan with GT)/P12_S3_4_3.jpg": [
    3.328054666519165,
    5.034451007843018,
    4.818522930145264,
    9.668124198913574,
    12.907843589782715,
    3.1468653678894043,
    0.013926208019256592
  ],
  "Slab Type 3 (all days scan with GT)/P13_S3_4_10_forward.jpg": [
    3.0647125244140625,
    4.057854175567627,
    4.908575534820557,
    7.669857501983643,
    12.26273250579834,
    2.691469192504883,
    -0.07888831198215485
  ],
  "Slab Type 3 (all days scan with GT)/P14_S3_4_11_forward.jpg": [
    3.0676519870758057,
    3.7890374660491943,
    4.15461540222168,
    7.2597761154174805,
    13.95201587677002,
    2.9276857376098633,
    -0.1615104228258133
  ],
  "Slab Type 3 (all days scan with GT)/P15_S3_4_12_forward.jpg": [
    3.0114758014678955,
    4.115922451019287,
    4.675095081329346,
    4.358844757080078,
    13.575355529785156,
    4.2082648277282715,
    -0.08371593058109283
  ],
  "Slab Type 3 (all days scan with GT)/P16_S3_4_13_forward.jpg": [
    3.1311826705932617,
    3.311432361602783,
    3.2290282249450684,
    4.90984582901001,
    17.5293025970459,
    4.7948527336120605,
    -0.22236862778663635
  ],
  "Slab Type 3 (all days scan with GT)/P17_S3_4_14_forward.jpg": [
    3.3051552772521973,
    3.148404598236084,
    3.3528995513916016,
    3.757476568222046,
    19.598419189453125,
    4.682346820831299,
    -0.3562261164188385
  ],
  "Slab Type 3 (all days scan with GT)/P18_S3_4_15_forward.jpg": [
    3.1296398639678955,
    3.0441291332244873,
    3.2229161262512207,
    5.032730579376221,
    17.86871337890625,
    4.197723388671875,
    -0.315146803855896
  ],
  "Slab Type 3 (all days scan with GT)/P19_S3_4_16_forward.jpg": [
    2.733787775039673,
    3.4993371963500977,
    4.214075088500977,
    6.911744594573975,
    11.722491264343262,
    3.2729151248931885,
    -0.03862130269408226
  ],
  "Slab Type 3 (all days scan with GT)/P20_S3_4_17_forward.jpg": [
    2.9831836223602295,
    3.1429061889648438,
    3.361982583999634,
    4.694756984710693,
    16.50191307067871,
    4.712636470794678,
    -0.1928238421678543
  ],
  "Slab Type 3 (all days scan with GT)/P21_S3_4_18_forward.jpg": [
    3.4610161781311035,
    3.429100513458252,
    3.6943411827087402,
    3.6469013690948486,
    20.19887924194336,
    4.7077717781066895,
    -0.3988123834133148
  ],
  "Slab Type 3 (all days scan with GT)/P22_S3_4_19_forward.jpg": [
    3.265554904937744,
    3.4665091037750244,
    4.027196884155273,
    6.108273029327393,
    16.57156753540039,
    3.512568235397339,
    -0.30254626274108887
  ],
  "Slab Type 4 (all days scan with GT)/P13_Corr_SL_GridA_Forward.jpg": [
    2.190037727355957,
    4.836747646331787,
    5.992629051208496,
    6.856312274932861,
    6.007376670837402,
    22.827280044555664,
    3.5987958908081055
  ],